Estado,Media_Salarial,Media_Amostras_Salario_Cargo,Diferenca_Relacao_Brasil_Porc
RS,7215.94,301,12.48560013
SP,7162.23,1960,11.6483424
RJ,6450.85,426,0.55900321
Brasil,6414.99,4185,0 
SC,5844,49,265,-8.893232881
PR,5772.06,319,-10.02230713
MG,5682.07,393,-11.42511524
ES,5547.4,60,-13.52441703